{
  "project_info": {
    "project_number": "125830469633",
    "project_id": "ohio-state-tour-challenge"
  },
  "client": [
    {
      "client_info": {
        "mobilesdk_app_id": "1:125830469633:android:720691324a9344e7",
        "android_client_info": {
          "package_name": "osu.mobile_apps.ohiostatetourchallenge"
        }
      },
      "oauth_client": [
        {
          "client_id": "125830469633-5qer5ijks7b5ih26n0f92ke4pmd5jgtq.apps.googleusercontent.com",
          "client_type": 3
        },
        {
          "client_id": "125830469633-atujms12loln1tlef1ji4esaj2o3kper.apps.googleusercontent.com",
          "client_type": 1,
          "android_info": {
            "package_name": "osu.mobile_apps.ohiostatetourchallenge",
            "certificate_hash": "01e5a37bb8db0ab4f96c019a21b3dbabf2638d3f"
          }
        }
      ],
      "api_key": [
        {
          "current_key": "AIzaSyBgFCjxPOek5Tye3lTpHCnkM-LlSCJAIJI"
        }
      ],
      "services": {
        "analytics_service": {
          "status": 1
        },
        "appinvite_service": {
          "status": 1,
          "other_platform_oauth_client": []
        },
        "ads_service": {
          "status": 1
        }
      }
    }
  ],
  "configuration_version": "1"
}